Workbook

Sheet P1
C1: UNIDAD EDUCATIVA ECUADOR AMAZÓNICO
C3: CURSO: | W3: NOTAS DEL PRIMER PARCIAL - PRIMER QUIMESTRE
C5: TUTORA:
C7: ASIGNATURAS | G7: LENGUA Y LITERATURA | L7: MATEMÁTICA | Q7: ESTUDIOS SOCIALES | V7: CIENCIAS NATURALES | AA7: EDUCACION ARTISTICA | AF7: EDUCACION FISICA | AK7: INGLÉS | AP7: PROMEDIO FINAL
A9: N. | B9: NOMBRES Y APELLIDOS | C9: PORTFOLIO 3 PUNTOS | D9: PARTICIPACIÓN REPRESENTANTE 1 PUNTO | E9: TOTAL | G9: CONTENIDO 5 PUNTOS | H9: PRESENTACIÓN DOCENTE 1 PUNTO | I9: TOTAL | J9: PRODUCTO FINAL | K9: PROMEDIO | L9: CONTENIDO 5 PUNTOS | M9: PRESENTACIÓN DOCENTE 1 PUNTO | N9: TOTAL | O9: PRODUCTO | P9: PROMEDIO | Q9: CONTENIDO 5 PUNTOS | R9: PRESENTACIÓN DOCENTE 1 PUNTO | S9: TOTAL | T9: PRODUCTO PERIÓDICO MURAL | U9: PROMEDIO | V9: CONTENIDO 5 PUNTOS | W9: PRESENTACIÓN DOCENTE 1 PUNTO | X9: TOTAL | Y9: PRODUCTO PERIÓDICO MURAL | Z9: PROMEDIO | AA9: CONTENIDO 5 PUNTOS | AB9: PRESENTACIÓN DOCENTE 1 PUNTO | AC9: TOTAL | AD9: PRODUCTO PERIÓDICO MURAL | AE9: PROMEDIO | AF9: CONTENIDO 5 PUNTOS | AG9: PRESENTACIÓN DOCENTE 1 PUNTO | AH9: TOTAL | AI9: PRODUCTO PERIÓDICO MURAL | AJ9: PROMEDIO | AK9: CONTENIDO 5 PUNTOS | AL9: PRESENTACIÓN DOCENTE 1 PUNTO | AM9: TOTAL | AN9: PRODUCTO PERIÓDICO MURAL | AO9: PROMEDIO | AQ9: NOTA FINAL I PARCIAL
A10: 1 | C10: 3 | D10: 1 | E10: =AVERAGE(C10+D10) -> 4 | I10: =AVERAGE(G10+H10) -> 0 | K10: =AVERAGE(E10+I10+J10)/2 -> 2 | N10: =AVERAGE(L10+M10) -> 0 | P10: =AVERAGE(E10+N10+O10)/2 -> 2 | S10: =AVERAGE(Q10+R10) -> 0 | U10: =AVERAGE(E10+S10+T10)/2 -> 2 | X10: =AVERAGE(V10+W10) -> 0 | Z10: =AVERAGE(E10+X10+Y10)/2 -> 2 | AC10: =AVERAGE(AA10+AB10) -> 0 | AE10: =AVERAGE(E10+AC10+AD10)/2 -> 2 | AH10: =AVERAGE(AF10+AG10) -> 0 | AJ10: =AVERAGE(E10+AH10+AI10)/2 -> 2 | AM10: =AVERAGE(AK10+AL10) -> 0 | AO10: =AVERAGE(E10+AM10+AN10)/2 -> 2 | AQ10: =AVERAGE(K10+P10+U10+Z10+AE10+AJ10+AO10)/7 -> 2
A11: 2 | E11: =AVERAGE(C11+D11) -> 0 | I11: =AVERAGE(G11+H11) -> 0 | K11: =AVERAGE(E11+I11+J11)/2 -> 0 | N11: =AVERAGE(L11+M11) -> 0 | P11: =AVERAGE(E11+N11+O11)/2 -> 0 | S11: =AVERAGE(Q11+R11) -> 0 | U11: =AVERAGE(E11+S11+T11)/2 -> 0 | X11: =AVERAGE(V11+W11) -> 0 | Z11: =AVERAGE(E11+X11+Y11)/2 -> 0 | AC11: =AVERAGE(AA11+AB11) -> 0 | AE11: =AVERAGE(E11+AC11+AD11)/2 -> 0 | AH11: =AVERAGE(AF11+AG11) -> 0 | AJ11: =AVERAGE(E11+AH11+AI11)/2 -> 0 | AM11: =AVERAGE(AK11+AL11) -> 0 | AO11: =AVERAGE(E11+AM11+AN11)/2 -> 0 | AQ11: =AVERAGE(K11+P11+U11+Z11+AE11+AJ11+AO11)/7 -> 0
A12: 3 | E12: =AVERAGE(C12+D12) -> 0 | I12: =AVERAGE(G12+H12) -> 0 | K12: =AVERAGE(E12+I12+J12)/2 -> 0 | N12: =AVERAGE(L12+M12) -> 0 | P12: =AVERAGE(E12+N12+O12)/2 -> 0 | S12: =AVERAGE(Q12+R12) -> 0 | U12: =AVERAGE(E12+S12+T12)/2 -> 0 | X12: =AVERAGE(V12+W12) -> 0 | Z12: =AVERAGE(E12+X12+Y12)/2 -> 0 | AC12: =AVERAGE(AA12+AB12) -> 0 | AE12: =AVERAGE(E12+AC12+AD12)/2 -> 0 | AH12: =AVERAGE(AF12+AG12) -> 0 | AJ12: =AVERAGE(E12+AH12+AI12)/2 -> 0 | AM12: =AVERAGE(AK12+AL12) -> 0 | AO12: =AVERAGE(E12+AM12+AN12)/2 -> 0 | AQ12: =AVERAGE(K12+P12+U12+Z12+AE12+AJ12+AO12)/7 -> 0
A13: 4 | E13: =AVERAGE(C13+D13) -> 0 | I13: =AVERAGE(G13+H13) -> 0 | K13: =AVERAGE(E13+I13+J13)/2 -> 0 | N13: =AVERAGE(L13+M13) -> 0 | P13: =AVERAGE(E13+N13+O13)/2 -> 0 | S13: =AVERAGE(Q13+R13) -> 0 | U13: =AVERAGE(E13+S13+T13)/2 -> 0 | X13: =AVERAGE(V13+W13) -> 0 | Z13: =AVERAGE(E13+X13+Y13)/2 -> 0 | AC13: =AVERAGE(AA13+AB13) -> 0 | AE13: =AVERAGE(E13+AC13+AD13)/2 -> 0 | AH13: =AVERAGE(AF13+AG13) -> 0 | AJ13: =AVERAGE(E13+AH13+AI13)/2 -> 0 | AM13: =AVERAGE(AK13+AL13) -> 0 | AO13: =AVERAGE(E13+AM13+AN13)/2 -> 0 | AQ13: =AVERAGE(K13+P13+U13+Z13+AE13+AJ13+AO13)/7 -> 0
A14: 5 | E14: =AVERAGE(C14+D14) -> 0 | I14: =AVERAGE(G14+H14) -> 0 | K14: =AVERAGE(E14+I14+J14)/2 -> 0 | N14: =AVERAGE(L14+M14) -> 0 | P14: =AVERAGE(E14+N14+O14)/2 -> 0 | S14: =AVERAGE(Q14+R14) -> 0 | U14: =AVERAGE(E14+S14+T14)/2 -> 0 | X14: =AVERAGE(V14+W14) -> 0 | Z14: =AVERAGE(E14+X14+Y14)/2 -> 0 | AC14: =AVERAGE(AA14+AB14) -> 0 | AE14: =AVERAGE(E14+AC14+AD14)/2 -> 0 | AH14: =AVERAGE(AF14+AG14) -> 0 | AJ14: =AVERAGE(E14+AH14+AI14)/2 -> 0 | AM14: =AVERAGE(AK14+AL14) -> 0 | AO14: =AVERAGE(E14+AM14+AN14)/2 -> 0 | AQ14: =AVERAGE(K14+P14+U14+Z14+AE14+AJ14+AO14)/7 -> 0
A15: 6 | E15: =AVERAGE(C15+D15) -> 0 | I15: =AVERAGE(G15+H15) -> 0 | K15: =AVERAGE(E15+I15+J15)/2 -> 0 | N15: =AVERAGE(L15+M15) -> 0 | P15: =AVERAGE(E15+N15+O15)/2 -> 0 | S15: =AVERAGE(Q15+R15) -> 0 | U15: =AVERAGE(E15+S15+T15)/2 -> 0 | X15: =AVERAGE(V15+W15) -> 0 | Z15: =AVERAGE(E15+X15+Y15)/2 -> 0 | AC15: =AVERAGE(AA15+AB15) -> 0 | AE15: =AVERAGE(E15+AC15+AD15)/2 -> 0 | AH15: =AVERAGE(AF15+AG15) -> 0 | AJ15: =AVERAGE(E15+AH15+AI15)/2 -> 0 | AM15: =AVERAGE(AK15+AL15) -> 0 | AO15: =AVERAGE(E15+AM15+AN15)/2 -> 0 | AQ15: =AVERAGE(K15+P15+U15+Z15+AE15+AJ15+AO15)/7 -> 0
A16: 7 | E16: =AVERAGE(C16+D16) -> 0 | I16: =AVERAGE(G16+H16) -> 0 | K16: =AVERAGE(E16+I16+J16)/2 -> 0 | N16: =AVERAGE(L16+M16) -> 0 | P16: =AVERAGE(E16+N16+O16)/2 -> 0 | S16: =AVERAGE(Q16+R16) -> 0 | U16: =AVERAGE(E16+S16+T16)/2 -> 0 | X16: =AVERAGE(V16+W16) -> 0 | Z16: =AVERAGE(E16+X16+Y16)/2 -> 0 | AC16: =AVERAGE(AA16+AB16) -> 0 | AE16: =AVERAGE(E16+AC16+AD16)/2 -> 0 | AH16: =AVERAGE(AF16+AG16) -> 0 | AJ16: =AVERAGE(E16+AH16+AI16)/2 -> 0 | AM16: =AVERAGE(AK16+AL16) -> 0 | AO16: =AVERAGE(E16+AM16+AN16)/2 -> 0 | AQ16: =AVERAGE(K16+P16+U16+Z16+AE16+AJ16+AO16)/7 -> 0
A17: 8 | E17: =AVERAGE(C17+D17) -> 0 | I17: =AVERAGE(G17+H17) -> 0 | K17: =AVERAGE(E17+I17+J17)/2 -> 0 | N17: =AVERAGE(L17+M17) -> 0 | P17: =AVERAGE(E17+N17+O17)/2 -> 0 | S17: =AVERAGE(Q17+R17) -> 0 | U17: =AVERAGE(E17+S17+T17)/2 -> 0 | X17: =AVERAGE(V17+W17) -> 0 | Z17: =AVERAGE(E17+X17+Y17)/2 -> 0 | AC17: =AVERAGE(AA17+AB17) -> 0 | AE17: =AVERAGE(E17+AC17+AD17)/2 -> 0 | AH17: =AVERAGE(AF17+AG17) -> 0 | AJ17: =AVERAGE(E17+AH17+AI17)/2 -> 0 | AM17: =AVERAGE(AK17+AL17) -> 0 | AO17: =AVERAGE(E17+AM17+AN17)/2 -> 0 | AQ17: =AVERAGE(K17+P17+U17+Z17+AE17+AJ17+AO17)/7 -> 0
A18: 9 | E18: =AVERAGE(C18+D18) -> 0 | I18: =AVERAGE(G18+H18) -> 0 | K18: =AVERAGE(E18+I18+J18)/2 -> 0 | N18: =AVERAGE(L18+M18) -> 0 | P18: =AVERAGE(E18+N18+O18)/2 -> 0 | S18: =AVERAGE(Q18+R18) -> 0 | U18: =AVERAGE(E18+S18+T18)/2 -> 0 | X18: =AVERAGE(V18+W18) -> 0 | Z18: =AVERAGE(E18+X18+Y18)/2 -> 0 | AC18: =AVERAGE(AA18+AB18) -> 0 | AE18: =AVERAGE(E18+AC18+AD18)/2 -> 0 | AH18: =AVERAGE(AF18+AG18) -> 0 | AJ18: =AVERAGE(E18+AH18+AI18)/2 -> 0 | AM18: =AVERAGE(AK18+AL18) -> 0 | AO18: =AVERAGE(E18+AM18+AN18)/2 -> 0 | AQ18: =AVERAGE(K18+P18+U18+Z18+AE18+AJ18+AO18)/7 -> 0
A19: 10 | E19: =AVERAGE(C19+D19) -> 0 | I19: =AVERAGE(G19+H19) -> 0 | K19: =AVERAGE(E19+I19+J19)/2 -> 0 | N19: =AVERAGE(L19+M19) -> 0 | P19: =AVERAGE(E19+N19+O19)/2 -> 0 | S19: =AVERAGE(Q19+R19) -> 0 | U19: =AVERAGE(E19+S19+T19)/2 -> 0 | X19: =AVERAGE(V19+W19) -> 0 | Z19: =AVERAGE(E19+X19+Y19)/2 -> 0 | AC19: =AVERAGE(AA19+AB19) -> 0 | AE19: =AVERAGE(E19+AC19+AD19)/2 -> 0 | AH19: =AVERAGE(AF19+AG19) -> 0 | AJ19: =AVERAGE(E19+AH19+AI19)/2 -> 0 | AM19: =AVERAGE(AK19+AL19) -> 0 | AO19: =AVERAGE(E19+AM19+AN19)/2 -> 0 | AQ19: =AVERAGE(K19+P19+U19+Z19+AE19+AJ19+AO19)/7 -> 0
A20: 11 | E20: =AVERAGE(C20+D20) -> 0 | I20: =AVERAGE(G20+H20) -> 0 | K20: =AVERAGE(E20+I20+J20)/2 -> 0 | N20: =AVERAGE(L20+M20) -> 0 | P20: =AVERAGE(E20+N20+O20)/2 -> 0 | S20: =AVERAGE(Q20+R20) -> 0 | U20: =AVERAGE(E20+S20+T20)/2 -> 0 | X20: =AVERAGE(V20+W20) -> 0 | Z20: =AVERAGE(E20+X20+Y20)/2 -> 0 | AC20: =AVERAGE(AA20+AB20) -> 0 | AE20: =AVERAGE(E20+AC20+AD20)/2 -> 0 | AH20: =AVERAGE(AF20+AG20) -> 0 | AJ20: =AVERAGE(E20+AH20+AI20)/2 -> 0 | AM20: =AVERAGE(AK20+AL20) -> 0 | AO20: =AVERAGE(E20+AM20+AN20)/2 -> 0 | AQ20: =AVERAGE(K20+P20+U20+Z20+AE20+AJ20+AO20)/7 -> 0
A21: 12 | E21: =AVERAGE(C21+D21) -> 0 | I21: =AVERAGE(G21+H21) -> 0 | K21: =AVERAGE(E21+I21+J21)/2 -> 0 | N21: =AVERAGE(L21+M21) -> 0 | P21: =AVERAGE(E21+N21+O21)/2 -> 0 | S21: =AVERAGE(Q21+R21) -> 0 | U21: =AVERAGE(E21+S21+T21)/2 -> 0 | X21: =AVERAGE(V21+W21) -> 0 | Z21: =AVERAGE(E21+X21+Y21)/2 -> 0 | AC21: =AVERAGE(AA21+AB21) -> 0 | AE21: =AVERAGE(E21+AC21+AD21)/2 -> 0 | AH21: =AVERAGE(AF21+AG21) -> 0 | AJ21: =AVERAGE(E21+AH21+AI21)/2 -> 0 | AM21: =AVERAGE(AK21+AL21) -> 0 | AO21: =AVERAGE(E21+AM21+AN21)/2 -> 0 | AQ21: =AVERAGE(K21+P21+U21+Z21+AE21+AJ21+AO21)/7 -> 0
A22: 13 | E22: =AVERAGE(C22+D22) -> 0 | I22: =AVERAGE(G22+H22) -> 0 | K22: =AVERAGE(E22+I22+J22)/2 -> 0 | N22: =AVERAGE(L22+M22) -> 0 | P22: =AVERAGE(E22+N22+O22)/2 -> 0 | S22: =AVERAGE(Q22+R22) -> 0 | U22: =AVERAGE(E22+S22+T22)/2 -> 0 | X22: =AVERAGE(V22+W22) -> 0 | Z22: =AVERAGE(E22+X22+Y22)/2 -> 0 | AC22: =AVERAGE(AA22+AB22) -> 0 | AE22: =AVERAGE(E22+AC22+AD22)/2 -> 0 | AH22: =AVERAGE(AF22+AG22) -> 0 | AJ22: =AVERAGE(E22+AH22+AI22)/2 -> 0 | AM22: =AVERAGE(AK22+AL22) -> 0 | AO22: =AVERAGE(E22+AM22+AN22)/2 -> 0 | AQ22: =AVERAGE(K22+P22+U22+Z22+AE22+AJ22+AO22)/7 -> 0
... A30: 21 | E30: =AVERAGE(C30+D30) -> 0 | I30: =AVERAGE(G30+H30) -> 0 | K30: =AVERAGE(E30+I30+J30)/2 -> 0 | N30: =AVERAGE(L30+M30) -> 0 | P30: =AVERAGE(E30+N30+O30)/2 -> 0 | S30: =AVERAGE(Q30+R30) -> 0 | U30: =AVERAGE(E30+S30+T30)/2 -> 0 | X30: =AVERAGE(V30+W30) -> 0 | Z30: =AVERAGE(E30+X30+Y30)/2 -> 0 | AC30: =AVERAGE(AA30+AB30) -> 0 | AE30: =AVERAGE(E30+AC30+AD30)/2 -> 0 | AH30: =AVERAGE(AF30+AG30) -> 0 | AJ30: =AVERAGE(E30+AH30+AI30)/2 -> 0 | AM30: =AVERAGE(AK30+AL30) -> 0 | AO30: =AVERAGE(E30+AM30+AN30)/2 -> 0 | AQ30: =AVERAGE(K30+P30+U30+Z30+AE30+AJ30+AO30)/7 -> 0

Sheet P2
C1: UNIDAD EDUCATIVA ECUADOR AMAZÓNICO
C3: CURSO: | W3: NOTAS DEL SEGUNDO PARCIAL - PRIMER QUIMESTRE
C5: TUTORA:
C7: ASIGNATURAS | G7: LENGUA Y LITERATURA | M7: MATEMÁTICA | S7: ESTUDIOS SOCIALES | Y7: CIENCIAS NATURALES | AE7: EDUCACION ARTISTICA | AK7: EDUCACION FISICA | AQ7: INGLÉS | AW7: PROMEDIO FINAL
A9: N. | B9: NOMBRES Y APELLIDOS | C9: PORTFOLIO 3 PUNTOS | D9: PARTICIPACIÓN REPRESENTANTE 1 PUNTO | E9: TOTAL | G9: CONTENIDO 5 PUNTOS | H9: PRESENTACIÓN DOCENTE 1 PUNTO | I9: TOTAL | J9: PRODUCTO 1 INFOGRAFÍA | K9: PRODUCTO 2 INFORME | L9: PROMEDIO | M9: CONTENIDO 5 PUNTOS | N9: PRESENTACIÓN DOCENTE 1 PUNTO | O9: TOTAL | P9: PRODUCTO 1 INFOGRAFÍA | Q9: PRODUCTO 2 INFORME | R9: PROMEDIO | S9: CONTENIDO 5 PUNTOS | T9: PRESENTACIÓN DOCENTE 1 PUNTO | U9: TOTAL | V9: PRODUCTO 1 INFOGRAFÍA | W9: PRODUCTO 2 INFORME | X9: PROMEDIO | Y9: CONTENIDO 5 PUNTOS | Z9: PRESENTACIÓN DOCENTE 1 PUNTO | AA9: TOTAL | AB9: PRODUCTO 1 INFOGRAFÍA | AC9: PRODUCTO 2 INFORME | AD9: PROMEDIO | AE9: CONTENIDO 5 PUNTOS | AF9: PRESENTACIÓN DOCENTE 1 PUNTO | AG9: TOTAL | AH9: PRODUCTO 1 INFOGRAFÍA | AI9: PRODUCTO 2 INFORME | AJ9: PROMEDIO | AK9: CONTENIDO 5 PUNTOS | AL9: PRESENTACIÓN DOCENTE 1 PUNTO | AM9: TOTAL | AN9: PRODUCTO 1 INFOGRAFÍA | AO9: PRODUCTO 2 INFORME | AP9: PROMEDIO | AQ9: CONTENIDO 5 PUNTOS | AR9: PRESENTACIÓN DOCENTE 1 PUNTO | AS9: TOTAL | AT9: PRODUCTO 1 INFOGRAFÍA | AU9: PRODUCTO 2 INFORME | AV9: PROMEDIO | AX9: NOTA FINAL I PARCIAL
A10: 1 | C10: 3 | D10: 1 | E10: =AVERAGE(C10+D10) -> 4 | I10: =AVERAGE(G10+H10) -> 0 | L10: =AVERAGE(E10+I10+J10+K10)/3 -> 1.3333333 | O10: =AVERAGE(M10+N10) -> 0 | R10: =AVERAGE(E10+O10+P10+Q10)/3 -> 1.3333333 | U10: =AVERAGE(S10+T10) -> 0 | X10: =AVERAGE(E10+U10+V10+W10)/3 -> 1.3333333 | AA10: =AVERAGE(Y10+Z10) -> 0 | AD10: =AVERAGE(E10+AA10+AB10+AC10)/3 -> 1.3333333 | AG10: =AVERAGE(AE10+AF10) -> 0 | AJ10: =AVERAGE(E10+AG10+AH10+AI10)/3 -> 1.3333333 | AM10: =AVERAGE(AK10+AL10) -> 0 | AP10: =AVERAGE(E10+AM10+AN10+AO10)/3 -> 1.3333333 | AS10: =AVERAGE(AQ10+AR10) -> 0 | AV10: =AVERAGE(E10+AS10+AT10+AU10)/3 -> 1.3333333 | AX10: =AVERAGE(L10+R10+X10+AD10+AJ10+AP10+AV10)/7 -> 1.3333333
A11: 2 | E11: =AVERAGE(C11+D11) -> 0 | I11: =AVERAGE(G11+H11) -> 0 | L11: =AVERAGE(E11+I11+J11+K11)/3 -> 0 | O11: =AVERAGE(M11+N11) -> 0 | R11: =AVERAGE(E11+O11+P11+Q11)/3 -> 0 | U11: =AVERAGE(S11+T11) -> 0 | X11: =AVERAGE(E11+U11+V11+W11)/3 -> 0 | AA11: =AVERAGE(Y11+Z11) -> 0 | AD11: =AVERAGE(E11+AA11+AB11+AC11)/3 -> 0 | AG11: =AVERAGE(AE11+AF11) -> 0 | AJ11: =AVERAGE(E11+AG11+AH11+AI11)/3 -> 0 | AM11: =AVERAGE(AK11+AL11) -> 0 | AP11: =AVERAGE(E11+AM11+AN11+AO11)/3 -> 0 | AS11: =AVERAGE(AQ11+AR11) -> 0 | AV11: =AVERAGE(E11+AS11+AT11+AU11)/3 -> 0 | AX11: =AVERAGE(L11+R11+X11+AD11+AJ11+AP11+AV11)/7 -> 0
A12: 3 | E12: =AVERAGE(C12+D12) -> 0 | I12: =AVERAGE(G12+H12) -> 0 | L12: =AVERAGE(E12+I12+J12+K12)/3 -> 0 | O12: =AVERAGE(M12+N12) -> 0 | R12: =AVERAGE(E12+O12+P12+Q12)/3 -> 0 | U12: =AVERAGE(S12+T12) -> 0 | X12: =AVERAGE(E12+U12+V12+W12)/3 -> 0 | AA12: =AVERAGE(Y12+Z12) -> 0 | AD12: =AVERAGE(E12+AA12+AB12+AC12)/3 -> 0 | AG12: =AVERAGE(AE12+AF12) -> 0 | AJ12: =AVERAGE(E12+AG12+AH12+AI12)/3 -> 0 | AM12: =AVERAGE(AK12+AL12) -> 0 | AP12: =AVERAGE(E12+AM12+AN12+AO12)/3 -> 0 | AS12: =AVERAGE(AQ12+AR12) -> 0 | AV12: =AVERAGE(E12+AS12+AT12+AU12)/3 -> 0 | AX12: =AVERAGE(L12+R12+X12+AD12+AJ12+AP12+AV12)/7 -> 0
A13: 4 | E13: =AVERAGE(C13+D13) -> 0 | I13: =AVERAGE(G13+H13) -> 0 | L13: =AVERAGE(E13+I13+J13+K13)/3 -> 0 | O13: =AVERAGE(M13+N13) -> 0 | R13: =AVERAGE(E13+O13+P13+Q13)/3 -> 0 | U13: =AVERAGE(S13+T13) -> 0 | X13: =AVERAGE(E13+U13+V13+W13)/3 -> 0 | AA13: =AVERAGE(Y13+Z13) -> 0 | AD13: =AVERAGE(E13+AA13+AB13+AC13)/3 -> 0 | AG13: =AVERAGE(AE13+AF13) -> 0 | AJ13: =AVERAGE(E13+AG13+AH13+AI13)/3 -> 0 | AM13: =AVERAGE(AK13+AL13) -> 0 | AP13: =AVERAGE(E13+AM13+AN13+AO13)/3 -> 0 | AS13: =AVERAGE(AQ13+AR13) -> 0 | AV13: =AVERAGE(E13+AS13+AT13+AU13)/3 -> 0 | AX13: =AVERAGE(L13+R13+X13+AD13+AJ13+AP13+AV13)/7 -> 0
A14: 5 | E14: =AVERAGE(C14+D14) -> 0 | I14: =AVERAGE(G14+H14) -> 0 | L14: =AVERAGE(E14+I14+J14+K14)/3 -> 0 | O14: =AVERAGE(M14+N14) -> 0 | R14: =AVERAGE(E14+O14+P14+Q14)/3 -> 0 | U14: =AVERAGE(S14+T14) -> 0 | X14: =AVERAGE(E14+U14+V14+W14)/3 -> 0 | AA14: =AVERAGE(Y14+Z14) -> 0 | AD14: =AVERAGE(E14+AA14+AB14+AC14)/3 -> 0 | AG14: =AVERAGE(AE14+AF14) -> 0 | AJ14: =AVERAGE(E14+AG14+AH14+AI14)/3 -> 0 | AM14: =AVERAGE(AK14+AL14) -> 0 | AP14: =AVERAGE(E14+AM14+AN14+AO14)/3 -> 0 | AS14: =AVERAGE(AQ14+AR14) -> 0 | AV14: =AVERAGE(E14+AS14+AT14+AU14)/3 -> 0 | AX14: =AVERAGE(L14+R14+X14+AD14+AJ14+AP14+AV14)/7 -> 0
A15: 6 | E15: =AVERAGE(C15+D15) -> 0 | I15: =AVERAGE(G15+H15) -> 0 | L15: =AVERAGE(E15+I15+J15+K15)/3 -> 0 | O15: =AVERAGE(M15+N15) -> 0 | R15: =AVERAGE(E15+O15+P15+Q15)/3 -> 0 | U15: =AVERAGE(S15+T15) -> 0 | X15: =AVERAGE(E15+U15+V15+W15)/3 -> 0 | AA15: =AVERAGE(Y15+Z15) -> 0 | AD15: =AVERAGE(E15+AA15+AB15+AC15)/3 -> 0 | AG15: =AVERAGE(AE15+AF15) -> 0 | AJ15: =AVERAGE(E15+AG15+AH15+AI15)/3 -> 0 | AM15: =AVERAGE(AK15+AL15) -> 0 | AP15: =AVERAGE(E15+AM15+AN15+AO15)/3 -> 0 | AS15: =AVERAGE(AQ15+AR15) -> 0 | AV15: =AVERAGE(E15+AS15+AT15+AU15)/3 -> 0 | AX15: =AVERAGE(L15+R15+X15+AD15+AJ15+AP15+AV15)/7 -> 0
A16: 7 | E16: =AVERAGE(C16+D16) -> 0 | I16: =AVERAGE(G16+H16) -> 0 | L16: =AVERAGE(E16+I16+J16+K16)/3 -> 0 | O16: =AVERAGE(M16+N16) -> 0 | R16: =AVERAGE(E16+O16+P16+Q16)/3 -> 0 | U16: =AVERAGE(S16+T16) -> 0 | X16: =AVERAGE(E16+U16+V16+W16)/3 -> 0 | AA16: =AVERAGE(Y16+Z16) -> 0 | AD16: =AVERAGE(E16+AA16+AB16+AC16)/3 -> 0 | AG16: =AVERAGE(AE16+AF16) -> 0 | AJ16: =AVERAGE(E16+AG16+AH16+AI16)/3 -> 0 | AM16: =AVERAGE(AK16+AL16) -> 0 | AP16: =AVERAGE(E16+AM16+AN16+AO16)/3 -> 0 | AS16: =AVERAGE(AQ16+AR16) -> 0 | AV16: =AVERAGE(E16+AS16+AT16+AU16)/3 -> 0 | AX16: =AVERAGE(L16+R16+X16+AD16+AJ16+AP16+AV16)/7 -> 0
A17: 8 | E17: =AVERAGE(C17+D17) -> 0 | I17: =AVERAGE(G17+H17) -> 0 | L17: =AVERAGE(E17+I17+J17+K17)/3 -> 0 | O17: =AVERAGE(M17+N17) -> 0 | R17: =AVERAGE(E17+O17+P17+Q17)/3 -> 0 | U17: =AVERAGE(S17+T17) -> 0 | X17: =AVERAGE(E17+U17+V17+W17)/3 -> 0 | AA17: =AVERAGE(Y17+Z17) -> 0 | AD17: =AVERAGE(E17+AA17+AB17+AC17)/3 -> 0 | AG17: =AVERAGE(AE17+AF17) -> 0 | AJ17: =AVERAGE(E17+AG17+AH17+AI17)/3 -> 0 | AM17: =AVERAGE(AK17+AL17) -> 0 | AP17: =AVERAGE(E17+AM17+AN17+AO17)/3 -> 0 | AS17: =AVERAGE(AQ17+AR17) -> 0 | AV17: =AVERAGE(E17+AS17+AT17+AU17)/3 -> 0 | AX17: =AVERAGE(L17+R17+X17+AD17+AJ17+AP17+AV17)/7 -> 0
A18: 9 | E18: =AVERAGE(C18+D18) -> 0 | I18: =AVERAGE(G18+H18) -> 0 | L18: =AVERAGE(E18+I18+J18+K18)/3 -> 0 | O18: =AVERAGE(M18+N18) -> 0 | R18: =AVERAGE(E18+O18+P18+Q18)/3 -> 0 | U18: =AVERAGE(S18+T18) -> 0 | X18: =AVERAGE(E18+U18+V18+W18)/3 -> 0 | AA18: =AVERAGE(Y18+Z18) -> 0 | AD18: =AVERAGE(E18+AA18+AB18+AC18)/3 -> 0 | AG18: =AVERAGE(AE18+AF18) -> 0 | AJ18: =AVERAGE(E18+AG18+AH18+AI18)/3 -> 0 | AM18: =AVERAGE(AK18+AL18) -> 0 | AP18: =AVERAGE(E18+AM18+AN18+AO18)/3 -> 0 | AS18: =AVERAGE(AQ18+AR18) -> 0 | AV18: =AVERAGE(E18+AS18+AT18+AU18)/3 -> 0 | AX18: =AVERAGE(L18+R18+X18+AD18+AJ18+AP18+AV18)/7 -> 0
A19: 10 | E19: =AVERAGE(C19+D19) -> 0 | I19: =AVERAGE(G19+H19) -> 0 | L19: =AVERAGE(E19+I19+J19+K19)/3 -> 0 | O19: =AVERAGE(M19+N19) -> 0 | R19: =AVERAGE(E19+O19+P19+Q19)/3 -> 0 | U19: =AVERAGE(S19+T19) -> 0 | X19: =AVERAGE(E19+U19+V19+W19)/3 -> 0 | AA19: =AVERAGE(Y19+Z19) -> 0 | AD19: =AVERAGE(E19+AA19+AB19+AC19)/3 -> 0 | AG19: =AVERAGE(AE19+AF19) -> 0 | AJ19: =AVERAGE(E19+AG19+AH19+AI19)/3 -> 0 | AM19: =AVERAGE(AK19+AL19) -> 0 | AP19: =AVERAGE(E19+AM19+AN19+AO19)/3 -> 0 | AS19: =AVERAGE(AQ19+AR19) -> 0 | AV19: =AVERAGE(E19+AS19+AT19+AU19)/3 -> 0 | AX19: =AVERAGE(L19+R19+X19+AD19+AJ19+AP19+AV19)/7 -> 0
A20: 11 | E20: =AVERAGE(C20+D20) -> 0 | I20: =AVERAGE(G20+H20) -> 0 | L20: =AVERAGE(E20+I20+J20+K20)/3 -> 0 | O20: =AVERAGE(M20+N20) -> 0 | R20: =AVERAGE(E20+O20+P20+Q20)/3 -> 0 | U20: =AVERAGE(S20+T20) -> 0 | X20: =AVERAGE(E20+U20+V20+W20)/3 -> 0 | AA20: =AVERAGE(Y20+Z20) -> 0 | AD20: =AVERAGE(E20+AA20+AB20+AC20)/3 -> 0 | AG20: =AVERAGE(AE20+AF20) -> 0 | AJ20: =AVERAGE(E20+AG20+AH20+AI20)/3 -> 0 | AM20: =AVERAGE(AK20+AL20) -> 0 | AP20: =AVERAGE(E20+AM20+AN20+AO20)/3 -> 0 | AS20: =AVERAGE(AQ20+AR20) -> 0 | AV20: =AVERAGE(E20+AS20+AT20+AU20)/3 -> 0 | AX20: =AVERAGE(L20+R20+X20+AD20+AJ20+AP20+AV20)/7 -> 0
A21: 12 | E21: =AVERAGE(C21+D21) -> 0 | I21: =AVERAGE(G21+H21) -> 0 | L21: =AVERAGE(E21+I21+J21+K21)/3 -> 0 | O21: =AVERAGE(M21+N21) -> 0 | R21: =AVERAGE(E21+O21+P21+Q21)/3 -> 0 | U21: =AVERAGE(S21+T21) -> 0 | X21: =AVERAGE(E21+U21+V21+W21)/3 -> 0 | AA21: =AVERAGE(Y21+Z21) -> 0 | AD21: =AVERAGE(E21+AA21+AB21+AC21)/3 -> 0 | AG21: =AVERAGE(AE21+AF21) -> 0 | AJ21: =AVERAGE(E21+AG21+AH21+AI21)/3 -> 0 | AM21: =AVERAGE(AK21+AL21) -> 0 | AP21: =AVERAGE(E21+AM21+AN21+AO21)/3 -> 0 | AS21: =AVERAGE(AQ21+AR21) -> 0 | AV21: =AVERAGE(E21+AS21+AT21+AU21)/3 -> 0 | AX21: =AVERAGE(L21+R21+X21+AD21+AJ21+AP21+AV21)/7 -> 0
A22: 13 | E22: =AVERAGE(C22+D22) -> 0 | I22: =AVERAGE(G22+H22) -> 0 | L22: =AVERAGE(E22+I22+J22+K22)/3 -> 0 | O22: =AVERAGE(M22+N22) -> 0 | R22: =AVERAGE(E22+O22+P22+Q22)/3 -> 0 | U22: =AVERAGE(S22+T22) -> 0 | X22: =AVERAGE(E22+U22+V22+W22)/3 -> 0 | AA22: =AVERAGE(Y22+Z22) -> 0 | AD22: =AVERAGE(E22+AA22+AB22+AC22)/3 -> 0 | AG22: =AVERAGE(AE22+AF22) -> 0 | AJ22: =AVERAGE(E22+AG22+AH22+AI22)/3 -> 0 | AM22: =AVERAGE(AK22+AL22) -> 0 | AP22: =AVERAGE(E22+AM22+AN22+AO22)/3 -> 0 | AS22: =AVERAGE(AQ22+AR22) -> 0 | AV22: =AVERAGE(E22+AS22+AT22+AU22)/3 -> 0 | AX22: =AVERAGE(L22+R22+X22+AD22+AJ22+AP22+AV22)/7 -> 0
... A30: 21 | E30: =AVERAGE(C30+D30) -> 0 | I30: =AVERAGE(G30+H30) -> 0 | L30: =AVERAGE(E30+I30+J30+K30)/3 -> 0 | O30: =AVERAGE(M30+N30) -> 0 | R30: =AVERAGE(E30+O30+P30+Q30)/3 -> 0 | U30: =AVERAGE(S30+T30) -> 0 | X30: =AVERAGE(E30+U30+V30+W30)/3 -> 0 | AA30: =AVERAGE(Y30+Z30) -> 0 | AD30: =AVERAGE(E30+AA30+AB30+AC30)/3 -> 0 | AG30: =AVERAGE(AE30+AF30) -> 0 | AJ30: =AVERAGE(E30+AG30+AH30+AI30)/3 -> 0 | AM30: =AVERAGE(AK30+AL30) -> 0 | AP30: =AVERAGE(E30+AM30+AN30+AO30)/3 -> 0 | AS30: =AVERAGE(AQ30+AR30) -> 0 | AV30: =AVERAGE(E30+AS30+AT30+AU30)/3 -> 0 | AX30: =AVERAGE(L30+R30+X30+AD30+AJ30+AP30+AV30)/7 -> 0

Sheet PE
C1: EXAMEN PRIMER QUIMESTRE
E3: CURSO:
E5: TUTORA:
D7: LENGUAJE | E7: MATEMÁTICA | F7: E.SOCIALES | G7: C.NATURALES | H7: E-ART. | I7: ED.FISICA | J7: INGLÉS | K7: PROMEDIO FINAL
A9: N. | B9: NOMBRES Y APELLIDOS | D9: EXAMEN | E9: EXAMEN | F9: EXAMEN | G9: EXAMEN | H9: EXAMEN | I9: EXAMEN | J9: EXAMEN | L9: PROMEDIO EXAMEN
A10: 1 | D10: 8 | E10: 9 | F10: 8 | G10: 9 | H10: 9 | I10: 9 | J10: 9 | L10: =AVERAGE(D10+E10+F10+G10+H10+I10+J10)/7 -> 8.7142857
A11: 2 | L11: =AVERAGE(D11+E11+F11+G11+H11+I11+J11)/7 -> 0
A12: 3 | L12: =AVERAGE(D12+E12+F12+G12+H12+I12+J12)/7 -> 0
A13: 4 | L13: =AVERAGE(D13+E13+F13+G13+H13+I13+J13)/7 -> 0
A14: 5 | L14: =AVERAGE(D14+E14+F14+G14+H14+I14+J14)/7 -> 0
A15: 6 | L15: =AVERAGE(D15+E15+F15+G15+H15+I15+J15)/7 -> 0
A16: 7 | L16: =AVERAGE(D16+E16+F16+G16+H16+I16+J16)/7 -> 0
A17: 8 | L17: =AVERAGE(D17+E17+F17+G17+H17+I17+J17)/7 -> 0
A18: 9 | L18: =AVERAGE(D18+E18+F18+G18+H18+I18+J18)/7 -> 0
A19: 10 | L19: =AVERAGE(D19+E19+F19+G19+H19+I19+J19)/7 -> 0
A20: 11 | L20: =AVERAGE(D20+E20+F20+G20+H20+I20+J20)/7 -> 0
A21: 12 | L21: =AVERAGE(D21+E21+F21+G21+H21+I21+J21)/7 -> 0
A22: 13 | L22: =AVERAGE(D22+E22+F22+G22+H22+I22+J22)/7 -> 0
... A30: 21 | L30: =AVERAGE(D30+E30+F30+G30+H30+I30+J30)/7 -> 0

Sheet QUIMESTRE 1
C1: UNIDAD EDUCATIVA ECUADOR AMAZÓNICO
C3: ACTA QUIMESTRAL DE CALIFICACIONES
C5: CURSO: | H5: PARALELO:
C7: TUTORA:
C8: QUIMESTRE: | E8: PRIMERO | G8: JORNADA: | I8: VESPERTINA
A9: N. | B9: NOMBRES Y APELLIDOS | C9: I PARCIAL | D9: II PARCIAL | E9: SUMA | F9: PROMEDIO 80% | G9: EXAMEN DEL PRIMER QUIMESTRE | H9: EXAMEN QUIMESTRAL 20% | I9: NOTA QUIMESTRAL
A10: 1 | C10: ='P1'!AQ10 -> 2 | D10: ='P2'!AX10 -> 1.3333333 | E10: =AVERAGE(C10+D10)/2 -> 1.6666667 | F10: =E10*0.8 -> 1.3333333 | G10: =PE!L10 -> 8.7142857 | H10: =G10*0.2 -> 1.7428571 | I10: =AVERAGE(F10+H10) -> 3.0761905
A11: 2 | C11: ='P1'!AQ11 -> 0 | D11: ='P2'!AX11 -> 0 | E11: =AVERAGE(C11+D11)/2 -> 0 | F11: =E11*0.8 -> 0 | G11: =PE!L11 -> 0 | H11: =G11*0.2 -> 0 | I11: =AVERAGE(F11+H11) -> 0
A12: 3 | C12: ='P1'!AQ12 -> 0 | D12: ='P2'!AX12 -> 0 | E12: =AVERAGE(C12+D12)/2 -> 0 | F12: =E12*0.8 -> 0 | G12: =PE!L12 -> 0 | H12: =G12*0.2 -> 0 | I12: =AVERAGE(F12+H12) -> 0
A13: 4 | C13: ='P1'!AQ13 -> 0 | D13: ='P2'!AX13 -> 0 | E13: =AVERAGE(C13+D13)/2 -> 0 | F13: =E13*0.8 -> 0 | G13: =PE!L13 -> 0 | H13: =G13*0.2 -> 0 | I13: =AVERAGE(F13+H13) -> 0
A14: 5 | C14: ='P1'!AQ14 -> 0 | D14: ='P2'!AX14 -> 0 | E14: =AVERAGE(C14+D14)/2 -> 0 | F14: =E14*0.8 -> 0 | G14: =PE!L14 -> 0 | H14: =G14*0.2 -> 0 | I14: =AVERAGE(F14+H14) -> 0
A15: 6 | C15: ='P1'!AQ15 -> 0 | D15: ='P2'!AX15 -> 0 | E15: =AVERAGE(C15+D15)/2 -> 0 | F15: =E15*0.8 -> 0 | G15: =PE!L15 -> 0 | H15: =G15*0.2 -> 0 | I15: =AVERAGE(F15+H15) -> 0
A16: 7 | C16: ='P1'!AQ16 -> 0 | D16: ='P2'!AX16 -> 0 | E16: =AVERAGE(C16+D16)/2 -> 0 | F16: =E16*0.8 -> 0 | G16: =PE!L16 -> 0 | H16: =G16*0.2 -> 0 | I16: =AVERAGE(F16+H16) -> 0
A17: 8 | C17: ='P1'!AQ17 -> 0 | D17: ='P2'!AX17 -> 0 | E17: =AVERAGE(C17+D17)/2 -> 0 | F17: =E17*0.8 -> 0 | G17: =PE!L17 -> 0 | H17: =G17*0.2 -> 0 | I17: =AVERAGE(F17+H17) -> 0
A18: 9 | C18: ='P1'!AQ18 -> 0 | D18: ='P2'!AX18 -> 0 | E18: =AVERAGE(C18+D18)/2 -> 0 | F18: =E18*0.8 -> 0 | G18: =PE!L18 -> 0 | H18: =G18*0.2 -> 0 | I18: =AVERAGE(F18+H18) -> 0
A19: 10 | C19: ='P1'!AQ19 -> 0 | D19: ='P2'!AX19 -> 0 | E19: =AVERAGE(C19+D19)/2 -> 0 | F19: =E19*0.8 -> 0 | G19: =PE!L19 -> 0 | H19: =G19*0.2 -> 0 | I19: =AVERAGE(F19+H19) -> 0
A20: 11 | C20: ='P1'!AQ20 -> 0 | D20: ='P2'!AX20 -> 0 | E20: =AVERAGE(C20+D20)/2 -> 0 | F20: =E20*0.8 -> 0 | G20: =PE!L20 -> 0 | H20: =G20*0.2 -> 0 | I20: =AVERAGE(F20+H20) -> 0
A21: 12 | C21: ='P1'!AQ21 -> 0 | D21: ='P2'!AX21 -> 0 | E21: =AVERAGE(C21+D21)/2 -> 0 | F21: =E21*0.8 -> 0 | G21: =PE!L21 -> 0 | H21: =G21*0.2 -> 0 | I21: =AVERAGE(F21+H21) -> 0
... A30: 21 | C30: ='P1'!AQ30 -> 0 | D30: ='P2'!AX30 -> 0 | E30: =AVERAGE(C30+D30)/2 -> 0 | F30: =E30*0.8 -> 0 | G30: =PE!L30 -> 0 | H30: =G30*0.2 -> 0 | I30: =AVERAGE(F30+H30) -> 0
